# Tabla codigo
insert into codes (id, code) values (1, '65044-077');
insert into codes (id, code) values (2, '46437-001');
insert into codes (id, code) values (3, '43269-891');
insert into codes (id, code) values (4, '49288-080');
insert into codes (id, code) values (5, '10893-462');
insert into codes (id, code) values (6, '41520-647');
insert into codes (id, code) values (7, '68084-125');
insert into codes (id, code) values (8, '64942-133');
insert into codes (id, code) values (9, '43857-030');
insert into codes (id, code) values (10, '21695-219');
# tabla usuario
insert into users (id, names, surnames, email) values (1, 'Angeline', 'Stollenbeck', 87736462);
insert into users (id, names, surnames, email) values (2, 'Grantley', 'Robyns', 35191378);
insert into users (id, names, surnames, email) values (3, 'Bunny', 'Tebbutt', 17717501);
insert into users (id, names, surnames, email) values (4, 'Rebekkah', 'Hanney', 92314283);
insert into users (id, names, surnames, email) values (5, 'Carmella', 'Alvares', 37482360);
insert into users (id, names, surnames, email) values (6, 'Betteanne', 'Rotham', 28469106);
insert into users (id, names, surnames, email) values (7, 'Rorie', 'Gallety', 78725207);
insert into users (id, names, surnames, email) values (8, 'Rebekkah', 'Prangley', 33866999);
insert into users (id, names, surnames, email) values (9, 'Tadeas', 'Ferrea', 84058701);
insert into users (id, names, surnames, email) values (10, 'Trumaine', 'Freschini', 36550371);
# tabla ubicacion
insert into locations (id, latitude, longitude) values (1, '25.362088', '118.691608');
insert into locations (id, latitude, longitude) values (2, '37.6917333', '126.597295');
insert into locations (id, latitude, longitude) values (3, '48.7736083', '44.8250459');
insert into locations (id, latitude, longitude) values (4, '49.1278721', '16.613233');
insert into locations (id, latitude, longitude) values (5, '24.094765', '116.00509');
insert into locations (id, latitude, longitude) values (6, '44.5241667', '129.5688889');
insert into locations (id, latitude, longitude) values (7, '-7.4133512', '108.0687579');
insert into locations (id, latitude, longitude) values (8, '26.1656051', '50.5523828');
insert into locations (id, latitude, longitude) values (9, '38.766979', '108.689367');
insert into locations (id, latitude, longitude) values (10, '49.8691189', '15.5800287');
# tabla alerta
insert into alerts (user_id, location_id, message) values (1,1,'Algún día descifrare las misterios de la vida, y encontraré que todo los caminos y decisiones que tome en un momento  determinado fueron los indicados');
insert into alerts (user_id, location_id, message) values (2,2,'Lorem Ipsum es simplemente el texto de relleno de las imprentas y archivos de texto');
insert into alerts (user_id, location_id, message) values (3,3,'Lorem Ipsum ha sido el texto de relleno estándar de las industrias desde el año 1500, cuando un impresor');
insert into alerts (user_id, location_id, message) values (4,4,'No sólo sobrevivió 500 años, sino que tambien ingresó como texto de relleno en documentos electrónicos');
insert into alerts (user_id, location_id, message) values (5,5,'Fue popularizado en los 60s con la creación de las hojas "Letraset", las cuales contenian pasajes de Lorem Ipsum');
insert into alerts (user_id, location_id, message) values (6,6,'Es un hecho establecido hace demasiado tiempo que un lector se distraerá con el contenido del texto de un sitio mientras que mira su diseño.');
insert into alerts (user_id, location_id, message) values (7,7,'El punto de usar Lorem Ipsum es que tiene una distribución más o menos normal de las letras, al contrario de usar');
insert into alerts (user_id, location_id, message) values (8,8,'El punto de usar Lorem Ipsum es que tiene una distribución más o menos normal de las letras, al contrario de usar');
insert into alerts (user_id, location_id, message) values (9,9,'Muchas versiones han evolucionado a través de los años, algunas veces');
insert into alerts (user_id, location_id, message) values (10,10,'Al contrario del pensamiento popular, el texto de Lorem Ipsum no es simplemente texto aleatorio.');
insert into alerts (user_id, location_id, message) values (1,10,'Algún día descifrare las misterios de la vida, y encontraré que todo los caminos y decisiones que tome en un momento  determinado fueron los indicados');
insert into alerts (user_id, location_id, message) values (2,9,'Lorem Ipsum es simplemente el texto de relleno de las imprentas y archivos de texto');
insert into alerts (user_id, location_id, message) values (3,8,'Lorem Ipsum ha sido el texto de relleno estándar de las industrias desde el año 1500, cuando un impresor');
insert into alerts (user_id, location_id, message) values (4,7,'No sólo sobrevivió 500 años, sino que tambien ingresó como texto de relleno en documentos electrónicos');
insert into alerts (user_id, location_id, message) values (5,6,'Fue popularizado en los 60s con la creación de las hojas "Letraset", las cuales contenian pasajes de Lorem Ipsum');
insert into alerts (user_id, location_id, message) values (6,5,'Es un hecho establecido hace demasiado tiempo que un lector se distraerá con el contenido del texto de un sitio mientras que mira su diseño.');
insert into alerts (user_id, location_id, message) values (7,4,'El punto de usar Lorem Ipsum es que tiene una distribución más o menos normal de las letras, al contrario de usar');
insert into alerts (user_id, location_id, message) values (8,3,'El punto de usar Lorem Ipsum es que tiene una distribución más o menos normal de las letras, al contrario de usar');
insert into alerts (user_id, location_id, message) values (9,2,'Muchas versiones han evolucionado a través de los años, algunas veces');
insert into alerts (user_id, location_id, message) values (10,1,'Al contrario del pensamiento popular, el texto de Lorem Ipsum no es simplemente texto aleatorio.');
# tabla circulo familiar
insert into family_circles (user_id, code_id) values (1,1);
insert into family_circles (user_id, code_id) values (2,1);
insert into family_circles (user_id, code_id) values (3,1);
insert into family_circles (user_id, code_id) values (4,2);
insert into family_circles (user_id, code_id) values (5,2);
insert into family_circles (user_id, code_id) values (6,3);
insert into family_circles (user_id, code_id) values (7,3);
insert into family_circles (user_id, code_id) values (8,3);
insert into family_circles (user_id, code_id) values (9,4);
insert into family_circles (user_id, code_id) values (10,4);
